Pavia; Corso Garibaldi 11/B; Campo Base Garibaldi; 45.18262552087185, 9.157101326923815; +39 0382-309171; Trekking material, books and maps; https://www.viefrancigene.org/en/resource/accomodation/vf13-90-pavia-campo-base-garibaldi/
Pavia; Via Pasino 7; Ostello Santa Maria in Betlem; 45.180705553003875, 9.153829172477096; +39 3313046459; ; https://www.viefrancigene.org/en/resource/accomodation/vf13-40-pavia-ostello-santa-maria-betlem/
Pavia; Viale Brenta 3; Pavia Ostello; 45.19612485584435, 9.124092642847149; +39 0382528865; ; https://www.viefrancigene.org/en/resource/accomodation/vf13-90-pavia-pavia-ostello/
Spesso Po; Via Castello 4; Ostello Artemista; 45.11668578517899, 9.365824892440807; +39 0382 729919; ; https://www.viefrancigene.org/en/resource/accomodation/vf13-n7-ostello-artemista/
Santa Cristina; Via Vittorio Veneto 118; Parrocchia S. Cristina; 45.15782881884565, 9.39780714892242; +39 038270106, +39 3333429685; open: end of march to mid october, type: convents and parishes; https://www.viefrancigene.org/en/resource/accomodation/vf14-scristina-e-bissone-parrocchia-di-scristina-e/
Miradolo Terme; Piazza Iv Novembre 41; Parrocchia San Michele Arcangelo; 45.1726888306914, 9.444305434843267; +39 038277116, +39 339 2792925; type: convents and parishes, for: small groups, open: summer; https://www.viefrancigene.org/en/resource/accomodation/vf14-20-miradolo-terme-casa-canonica-parrocchia-sm/
Orio Litta; Piazza Dei Benedettini; Ostello Grangia Benedettina; 45.16176764027596, 9.553604437862298; +39 3483637103, +39 3351720018, +39 3356468587; ; https://www.viefrancigene.org/en/resource/accomodation/vf15-30-orio-litta-ostello-grangia-benedettina/
Corte Sant’Andrea; Corte Sant’Andrea; Ostello Ad Padum; 45.13222268577901, 9.557498969137344; +39 3391268946, +39 0377802155; ; https://www.viefrancigene.org/en/resource/accomodation/vf15-95-corte-santandrea-ostello-compagnia-di-sige/
Calendasco; Loc. Soprarivo; Caupona Di Sigerico; 45.0983265038448, 9.577211237239748; +39 0523.771607; for: small groups, type: hostel; https://www.viefrancigene.org/en/resource/accomodation/vf16-40-calendasco-caupona-di-sigerico/
Piacenza; Via Campagna; Loc. Santa Maria Di Campagna Convento Francescani; 45.05687990719425, 9.680667391595284; ;
Piacenza; Via Roma 51; Domus San Martino; 45.05201720153836, 9.697756594095344; +39 3491554608; type: bnb, open: all year, price: 60 for single 80 for double 100 for triple 120 for quad (may vary); https://www.viefrancigene.org/en/resource/accomodation/vf16-90-piacenza-domus-san-martino/
Piacenza; Via Emilia Parmense 189; Ostello San Pietro In Montale; 45.025031445059696, 9.744410620414653; +39 0523614256; ; https://www.viefrancigene.org/en/resource/accomodation/vf16-100-piacenza-ostello-spietro/
Piacenza; Via Trento 29c; Ostello Del Teatro; 45.043134951307636, 9.70844396327492; +39 0523 469599; open for pilgrims: april to september (open all year, getting free bed maybe possible); https://www.viefrancigene.org/en/resource/accomodation/vf16-90-piacenza-ostello-del-teatro/
Roveleto Di Cadeo; Via Emilia; Parrocchia Santa Teresa Benedetta Dalla Croce; 44.96511580487292, 9.852068753391276; +39 3334534501; information seems to be old copy paste from Ospitale Ca Dei; https://www.viefrancigene.org/en/resource/accomodation/vf17-80-roveleto-di-cadeo-parrocchia-s-teresa-benedetta/
Cadeo; Piazza Parroci Di Cadeo; Ospitale Ca Dei; 44.973960444721826, 9.83129202085947; +39 3334534501; no singles; https://www.viefrancigene.org/en/resource/accomodation/vf17-80-cadeo-ospitale-ca-dei/
Fiorenzuola; Piazza Molinari 15; Parrocchia Di San Fiorenzo; 44.928119357095234, 9.910629664494676; +39 3493016801, +39 0523982247; ; https://www.viefrancigene.org/en/resource/accomodation/vf17-20/
Alseno; Loc. Chiaravalle Della Colomba; Abbazia Chiaravalle Della Colomba; 44.926321133793074, 9.973645068017605; +39 3270284051; price: donation, 7 beds, convents and parishes, open all year, book asap; https://www.viefrancigene.org/en/resource/accomodation/vf17-20-alseno-abbazia-chiaravalle-della-colomba/
Fidenza; Via Giovanni Rossi 4; Ostello San Donnino; 44.866119992730155, 10.058106708432797; +39 3311367510; open: 1.4. to 31.10., 10 beds, price: 20.5 (opt towel 2.5); https://www.viefrancigene.org/en/resource/accomodation/vf18-80-fidenza-ostello-san-donnino/
Noceto; Via All'Isola 1; Ostello Comunale; [Coordinates]; +39 0521622137, +39 0521629149; +39 0521622137; https://www.viefrancigene.org/en/resource/accomodation/vf19-50-noceto-ostello-di-noceto/
Costa Mezzana Di Noceto; Via Costa Pavesi 47; La Famiglia Del Pellegrino; 44.7945011088624, 10.090574693223125; +39 3337942402, +39 3356398600; ; http://www.famigliadelpellegrino.it/
Comunità di Betania; Via San Pio da Pietrelcina, 3; Fraternità Francescana di Betania; 44.77230088832228, 10.097533941249866; +39 0521.624.052; ; https://www.viefrancigene.org/en/resource/accomodation/vf19-95-costamezzana-comunita-di-betania/
Medesano; Via Conciliazione 2; Oratorio Don Bosco; 44.75482437473577, 10.140311491019588; +39 0525422136, +39 0525 420447; type: convents and parishes; https://www.viefrancigene.org/en/resource/accomodation/vf18-80-medesano-parrocchia-spantaleone/
Fornovo Di Taro; Loc. Sivizzano; Ostello Parrocchia Santa Margherita Vergine E Martire; 44.36431087525412, 10.669829532920712; +39 052556258; type: convents and parishes, floor spots; https://www.viefrancigene.org/en/resource/accomodation/vf19-20-fornovo-di-taro-parrocchia-smargherita-ver/
Fornovo Di Taro; Piazza Iv Novembre; Ostello Parrocchia Santa Maria Assunta; 44.691309080007365, 10.097344954271758; +39 3332194636, +39 05252218; open all year, 4 beds, type: convents and parishes; https://www.viefrancigene.org/en/resource/accomodation/vf19-10-fornovo-di-taro-parrocchia-assunzione-di-m/
Calestano; Via Canesano 4; La Locanda Nel Vento; 44.59522584214005, 10.122909918106469; +39 3356621523; two double rooms; https://www.viefrancigene.org/en/resource/accomodation/vf20-60-calestano-la-locanda-nel-vento/
Cassio; Via Nazionale; Ostello Di Cassio; 44.58516545325356, 10.033963705189986; +39 05251700885, +39 3516111362; ; https://www.viefrancigene.org/en/resource/accomodation/vf19-25-cassio-ostello-di-cassio/
Cavazzola; Località Cavazzola 70; Pop Biutiful; 44.56077485585181, 10.014051992197329; +39 3335287812; open all year, booking recommended, 20 per night; https://www.viefrancigene.org/en/resource/accomodation/vf20-95-cavazzola-pop-biutiful/
Passo Della Cisa; Strada statale 62; Capanna TWIN; 44.47203379111828, 9.930235294386579; +39 3479069545, +39 3348696728;open august - sep, single 20 without sheets; https://www.viefrancigene.org/en/resource/accomodation/vf21-90-passo-della-cisa-capanna-twin/
Passo Della Cisa; ; Ostellio Passo Della Cisa; 44.47164175054763, 9.927604542011562; +39 0525 64153; ;
Groppodalosio; Località Groppodalosio Inferiore 8; Temperance; 44.422237105503655, 9.942386229090133; +39 3757825734; type: private house, price: donation; https://www.viefrancigene.org/en/resource/accomodation/vf22-70-pontremoli-temperance/
Pontremoli; Porta Di Parma; Ostello Castello Del Piagnaro; 44.379983376329115, 9.881339935697403; +39 0187831439; type: convents and parishes, closed on mondays; https://www.viefrancigene.org/en/resource/accomodation/vf22-30-pontremoli-castello-del-piagnaro/
Pontremoli; Via Ai Cappuccini 6; Convento Padri Cappuccini Di Pontremoli; 44.376064043176186, 9.886032565400669; +39 0187830395, +39 3391956770; lots of space, price: donation, official checkin: 15 to 19; https://www.viefrancigene.org/en/resource/accomodation/vf22-90-pontremoli-ostello-dei-frati-cappuccini/, https://cappuccinipontremoli.it/ospitalita/
? Pontremoli; P.Za S. Francesco 10; Seminario Di Pontremoli; 44.37585287413812, 9.881720333615338; +39 3333321782; ;
? Lusignana; Lusignana; Ostello Del Pellegrino; 44.39540373975214, 10.476984616861985; ; ;
Filetto, Villafranca In Lunigiana; Via Borgo Alberti 19; Gredo Antica Dimora; 44.30127568120002, 9.9608893665349; +39 3494275289; open all year, min. two people, 20 per night incl. breakfast; https://www.viefrancigene.org/en/resource/accomodation/vf23-50-filetto-gredo-antica-dimora/
Aulla; Piazza Abbazia; Abbazia Di San Caprasio; 44.20748062518505, 9.967984681665866; +39 01871780776, +39 3669778206; type: convents and parishes, open all year; https://www.viefrancigene.org/en/resource/accomodation/vf23-10-aulla-abbazia-di-san-caprasio/
Sarzana; Via Paganino 80; Parrocchia Del Carmine; 44.11263622147313, 9.954572188637407; +39 01871500059, +39 3487294423, +39 0187620260; ; https://www.viefrancigene.org/en/resource/accomodation/vf24-50-sarzana-parrocchia-del-carmine/
Sarzana; Via Montata Di Sarzanallo 17; Cà Nardi; 44.114167121837156, 9.968841689328348; +39 3534302954; open all year, 2 available beds, type: private appartment; https://www.viefrancigene.org/en/resource/accomodation/vf24-50-sarzana-ca-nardi/
? Caniparola; Via Borghetto 111; Ospitalità Sant’Antonio; 44.10103471421531, 9.991018191585065; +39 3770497736, +39 0187673530; ;
? Avenza; Piazza Finelli 11; Parrocchia San Pietro Apostolo; 44.046758326363985, 10.062339793907352; +39 0585857203, +39 3388333413; ;
Avenza; Via Provinciale Avenza-Sarzana 48; BnB New Life; 44.05497643227092, 10.052949309556082; +39 3737482862; ; https://www.viefrancigene.org/en/resource/accomodation/vf25-60-avenza-new-life/
Avenza; Piazza Carlo Finelli 11; Ostello Antonio Mazzi; 44.047089913087376, 10.06177770287528; +39 0585850273; open all year, price: donation; https://www.viefrancigene.org/en/resource/accomodation/vf25-85-avenza-ostello/
Massa; Piazza Mercurio 12/14; Ostello Palazzo Nizza; 44.03561654842385, 10.143815659314502; +39 05851886345, +39 3899836310, +39 0585914188; ; https://www.viefrancigene.org/en/resource/accomodation/vf25-30-massa-ostello-palazzo-nizza/
Montignoso; Via Santa Maria 43; Ostello Parrocchiale "Il Pane E La Rosa"; 44.01463801960287, 10.166505832650664; +39 3534302467; open end of march to beginning of november; https://www.viefrancigene.org/en/resource/accomodation/vf26-20-montignoso-ostello-parrocchiale-il-pane-e-la-rosa/
Pietrasanta; Via Della Rocca 10; Casa Diocesana La Rocca; 43.95830738583797, 10.233724379619066; +39 0584793094; open all year, type: tourist home; https://www.viefrancigene.org/en/resource/accomodation/vf25-10-pietrasanta-casa-diocesana-la-rocca/
Pianore; Loc. La Stretta; La Selvaiana; 43.93093313882878, 10.266048153090853; +39 3894308212; ; https://www.viefrancigene.org/en/resource/accomodation/vf24-80-pianore-la-selvaiana/
Camaiore; Via Madonna Della Pietà 1; Ostello Del Pellegrino; 43.93847460549575, 10.31131621210416; +39 3332672436; price 18 per night; https://www.viefrancigene.org/en/resource/accomodation/vf26-20-camaiore-ostello-del-pellegrino/
Valpromaro; Loc. Valpromaro, Via Vecchia Provinciale 15; Casa Del Pellegrino; 43.90139492817399, 10.37832436204734; +39 0584956028, +39 3276948204; type: convents and parishes; https://www.viefrancigene.org/en/resource/accomodation/vf25-30-camaiore-parrocchia-san-martino/
Piazzano; Via di Colombaia di Vecoli I, 457-477; Casa di Elio e Gabriella; 43.888713, 10.412275; 0039 349 4036369, 0039 347 9813003; open all year, price: donation; https://www.viefrancigene.org/en/resource/accomodation/vf27-40-piazzano-casa-di-elio-e-gabriella/
Lucca; Piazza Arrigoni; Statio Peregrinorum; [Coordinates]; +39 3334461186; ;
Lucca; Via Della Rosa 38; L'Ospitale Di San Martino E San Giacomo; 43.84012201268073, 10.507613934138027; +39 3334461186; open 1.6. - 30.9., price: donation, communal dinner and breakfast; https://www.viefrancigene.org/en/resource/accomodation/vf27-90-lucca-ospitale-di-san-martino-e-sgiacomo/
Lucca; Via San Leonardo 12; Pellegrinaio San Davino; 43.84790409879644, 10.509658084376492; +39 3661062641; open all year, price: donation; https://www.viefrancigene.org/en/resource/accomodation/vf27-85-lucca-pellegrinaio-san-davino/
Capannori; Via Del Popolo 182; Ostello La Salana; 43.8508887230628, 10.571922521309487; +39 3397237912, +39 0583414292; type: hostel; https://www.viefrancigene.org/en/resource/accomodation/vf28-20-capannori-ostello-la-salana/
San Miniato; P.za S. Francesco, 1; Convento San Francesco; 43.68207994419589, 10.854871958135076; +39 0571 43051; type: convents and parishes; https://www.viefrancigene.org/en/resource/accomodation/vf28-20-san-miniato-convento-sfrancesco/
Badia Pozzeveri; Via Della Chiesa; Hospitale San Pietro; 43.82233964009983, 10.643894885229537; +39 3384957991; ;
Pozzeveri; Via della Chiesa 1K; Hostal Badia; 43.82282040455091, 10.646146733421705; +39 338 4957991; open all year, price: donation; https://www.viefrancigene.org/en/resource/accomodation/vf28-85-pozzeveri-hostal-badia/
Altopascio; Piazza Ricasoli 32; Foresteria La Pistacchia; 43.8148230312932, 10.676135531028672; +39 3384957991; open all year, price: free; https://www.viefrancigene.org/en/resource/accomodation/vf28-90-altopascio-foresteria-la-pistacchia/
? Altopascio; Piazza Vittorio Emanuele 23; Biblioteca Di Altopascio; 43.81505239659044, 10.674766074817294; +39 0583240318; ;
Altopascio; Spianate Loc. Seghetti 2; Affittacamere Da Beppe; 43.80078767132265, 10.706832904328836; +39 3456373838, +39 3469454158; ; https://www.viefrancigene.org/en/resource/accomodation/vf28-95-altopascio-affittacamere-da-beppe/
Altopascio; Loc. Torre Salese 15/16; Il Picchio Verde; 43.81971787255592, 10.708775089108697; +39 3357663272; ; https://www.viefrancigene.org/en/resource/accomodation/vf28-90-altopascio-colonica-il-picchio-verde/
Chimenti; Via Romana 170; Il Melograno; [Coordinates]; +39 3459602805, +39 3666622734
Galleno; Via Della Chiesa 20; Casetta Del Pellegrino; 43.77702834132749, 10.715982392743937; +39 0571299931, +39 3669997072; open all year; https://www.viefrancigene.org/en/resource/accomodation/vf29-30-galleno-casetta-del-pellegrino/
Gambassi Terme; Via Don Minzoni 7; Casa Baldi Via Francigena; 43.541493239302035, 10.954699231693931; +39 3703169774; price: 15/20 per night; https://www.viefrancigene.org/en/resource/accomodation/vf29-90-gambassi-terme-casa-baldi-francigena/
Fucecchio; Via Colombo 308/310; Ostello Il Ponte Dei Medici; 43.74429967164034, 10.770411809215807; +39 0571297831; 2.4 rating on GMaps, unclear whether accept pilgrim pass; https://www.google.com/maps/place/Ostello+Ponte+de%E2%80%99+Medici/@43.7442818,10.7701406,19.81z/data=!4m10!3m9!1s0x132a7be2369163f1:0xe88329a797bb8173!5m3!1s2025-03-09!4m1!1i2!8m2!3d43.7442054!4d10.7703123!16s%2Fg%2F11ny030tm0!5m1!1e2?entry=ttu
San Miniato; Via Gargozzi 34; L'Hospitale Del Pellegrino; 43.677475109256434, 10.85257299689746; +39 3934995126; ;
San Miniato; Via Vittime Del Duomo 4; Ostello Di San Miniato; 43.67944443585296, 10.85276156533606; +39 3387997004; price: 19, checkin from 16 to 18; https://www.viefrancigene.org/en/resource/accomodation/vf28-90-san-miniato-ostello-san-miniato/, https://www.ostellosanminiato.com/tariffa-e-servizi/
San Miniato; Via Giosuè Carducci 2; Affittacamere San Miniato; 43.67848668187771, 10.847089071157617; +39 3533890839; ; https://www.viefrancigene.org/en/resource/accomodation/vf29-90-san-miniato-affittacamere-san-miniato/
San Miniato; Via Dalmazia 11; Casa Dalma; 43.67606422322195, 10.841408393987042; +39 3481211017; open: jan to nov (incl.), price: 20; https://www.viefrancigene.org/en/resource/accomodation/vf29-90-san-miniato-b-and-b-casa-dalma/
Certaldo; Loc. Aia Murata sp50 km 1; Agricamping Poggio ai Pini; 43.54523437756456, 11.061733419971148; +39 3384783260; ; https://www.viefrancigene.org/en/resource/accomodation/vf29-95-certaldo-agricamping-poggio-ai-pini/
Gambassi Terme; Pieve Santa Maria In Chianni; Ostello Sigerico; 43.54693533279927, 10.958680560881788; +39 3247968837, +39 0571639044; open all year, price: 16, dinner: 16, breakfast: 5; https://www.viefrancigene.org/en/resource/accomodation/vf-29-50-gambassi-terme-ostello-sigerico/
Gambassi Terme; Loc. Borgoforte, Via Santa Maria Chianni 10 A; La Sosta Di Roberto; [Coordinates]; +39 3801280722; ;
Gambassi Terme; Vicolo Del Giglio 1/A; Casa Giulia Sulla Francigena; 43.539473578967446, 10.955414034535181; +39 3297323818; ; https://www.viefrancigene.org/en/resource/accomodation/vf29-90-gambassi-terme-casa-giulia-sulla-francigen/
Gambassi Terme; Via G. Gonnelli 21; Casa Alla Cisterna; 43.53949371993314, 10.95509715801748; +39 3388940333; price: 20; https://www.viefrancigene.org/en/resource/accomodation/vf30-90-gambassi-terme-casa-alla-cisterna/
Castellina Scalo; Piazza Cristo Re, 2; Parrocchia San Michele; 43.40583501160365, 11.209528571786644; +39 335 6651581, +39 335 6651581; ; https://www.viefrancigene.org/en/resource/accomodation/vf30-70-castellina-chianti-parrocchia-smichele/
San Gimignano; Via S. Lucia 38/C; Villaggio Del Pellegrino (Camping Boschetto Di Piemma); 43.45354690293833, 11.054033145778426; +39 0577907134; open april to october, 20 for a bed; https://www.viefrancigene.org/en/resource/accomodation/vf31-90-san-gimignano-il-villaggio-del-pellegrino/
San Gimignano; Piazza Sant'Agostino 2; Ospitale Dei Santi Agostino E Giacomo; 43.47074151158697, 11.041597439801507; +39 3890271946; price: donation; https://www.viefrancigene.org/en/resource/accomodation/vf30-90-san-gimignano-ospitale-dei-santi-agostino-e-giacomo/
Colle Val D’Elsa; Via San Francesco 4; Convento Di San Francesco; 43.422537510709105, 11.11607573567788; +39 0577920040; ; https://www.viefrancigene.org/en/resource/accomodation/vf30-50-colle-val-delsa-convento-di-san-francesco/
Colle Val D’Elsa; Loc. San Donato; Campo Piro E More; 43.38733247621089, 11.081491803096855; +39 3453918301; free for tents, includes fire pit and drinking and washing water; https://www.viefrancigene.org/en/resource/accomodation/vf32-50-colle-val-delsa-campo-piro-e-more/
Colle Val D’Elsa; Via Xxv Aprile 104; Ostello Cartiera La Buca; 43.419423545846975, 11.132211652472307; +39 3391487200; price: 20 incl. breakfast; https://www.viefrancigene.org/en/resource/accomodation/vf32-50-colle-val-delsa-ostello-cartiera-la-buca/
Colle Val D’Elsa; Via Mainardi 13; La Casina Dei Pellegrini; 43.414734743054005, 11.078766232845682; +39 3453918301; open all year, price: donation; https://www.viefrancigene.org/en/resource/accomodation/vf32-50-colle-val-delsa-la-casina-dei-pellegrini/
Abbadia Isola; Abbadia Isola 4; Ospitale S. Cirino E Giacomo; 43.38757811798418, 11.19493516858455; +39 3534457274, +39 3356651581, +39 3714717079, +39 327 4246 482; open all year, donation only for trips min. 30d, sheets and towels 3, reservations through last phone number (ideally WhatsApp); https://www.viefrancigene.org/en/resource/accomodation/vf30-50-abbadia-isola-ospitale-dei-santi-cirino-e/
Abbadia Isola; Piazza Garfonda 4; Ostello Contessa Ava Dei Lambardi; 43.387155215345636, 11.195112841245878; +39 3294080011, +39 05771794759; first number WhatsApp, open all year + disruptions in jan-feb, price: 19, sleeping bag not allowed; https://www.viefrancigene.org/en/resource/accomodation/ostello-contessa-ava/
Monteriggioni; Piazza Roma 23; Castello Casa Per Ferie Maria Assunta; 43.39016893622902, 11.224038585659455; +39 3288234546, +39 3371 471 7079, +39 0577 304081; open all year, price: 23.5, price sheets and towel: 3, donation maybe in winter; https://www.viefrancigene.org/en/resource/accomodation/vf32-60-monteriggioni-casa-ferie-santa-maria-assun/
Monteriggioni; Strada Della Villa 17; Agricola Fratelli Marchi; 43.34610532726407, 11.246354151976792; +39 3289190964; ; https://www.viefrancigene.org/en/resource/accomodation/vf32-90-monteriggioni-agricola-fratelli-marchi/
Monteriggioni; Strada Di Bracciano 12; Affittacamere La Casella; 43.373616200652144, 11.235675702730067; +39 3284835588; open all year, price single room: 30; https://www.viefrancigene.org/en/resource/accomodation/vf32-80-monteriggioni-affittacamere-la-casella/
? Siena; Via San Girolamo 8; Accoglienza Santa Luisa; 43.31638873338487, 11.336701798249287; +39 057721271; ;
Siena; Strada Di Scacciapensieri 47; Camping Siena Colleverde; 43.33691363849472, 11.33136401400319; +39 0577334080; ; https://www.viefrancigene.org/en/resource/accomodation/vf33-90-camping-siena-colleverde/
Siena; Piazza Manzoni 5; Foresteria San Clemente Ai Servi; 43.315867736343144, 11.338572368669668; +39 0577222633; ; https://www.viefrancigene.org/en/resource/accomodation/vf33-90-siena-foresteria-san-clemente-ai-servi/
Siena; Viale Mazzini 36; Camera Sabrina Erdas; 43.32742999090871, 11.330014169480933; +39 3406047608; ; https://www.viefrancigene.org/en/resource/accomodation/vf33-90-siena-casa-sabrina-erdas/
Siena; Via di San Girolamo 8; Parrocchia San Martino; 43.316497648080066, 11.33662531802602; +39 0577 21271, +39 338 604 8009;open all year, open 6-22:30; https://www.viefrancigene.org/en/resource/accomodation/vf33-90-siena-parrocchia-san-martino/
Siena; Via Fiorentina 89; Siena Hostel; 43.3405024283129, 11.305807357240504; +39 05771698177; ; https://www.google.com/maps/place/Siena+Hostel+Guidoriccio/@43.3406807,11.3054705,19.75z/data=!4m16!1m5!3m4!2zNDPCsDIwJzI1LjgiTiAxMcKwMTgnMjAuOSJF!8m2!3d43.3405024!4d11.3058074!3m9!1s0x132a2cfc7b982003:0x8bc1e84c1b69e776!5m3!1s2025-03-09!4m1!1i1!8m2!3d43.3404551!4d11.3055555!16s%2Fg%2F12hlzsr1c!5m1!1e2?entry=ttu
Monteroni D’Arbia; Piazza Gramsci 7; Casa Privata Letizia Lusini; 43.22505410870831, 11.41854446227696; +39 3382172483; ; https://www.viefrancigene.org/en/resource/accomodation/casa-privata-letizia-lusini/
Ponte D’Arbia; S.S. Cassia; Centro Cresti; 43.16564968209936, 11.467272209176077; +39 3277197439; price: donation; https://www.viefrancigene.org/en/resource/accomodation/vf32-50-monteroni-darbia-centro-cresti/, https://centrocresti.it/en/guidelines-2/
Castelnuovo Dell’Abate; Località S. Antimo 222, 53024; Abbazia Di Sant’Antimo; 42.99956073742458, 11.516156410273377; +39 0577286300; ; https://www.viefrancigene.org/en/resource/accomodation/vf35-60-torrenieri-abbazia-di-santantimo/
Torrenieri; Via Cesare Battisti 37; Pellegrinaio Del Poggio; 43.08765445309129, 11.544777210317836; +39 3487372473, +39 3429415024; 31.10. - 1.3. only groups, price: 18 w/o linen; https://www.viefrancigene.org/en/resource/accomodation/vf35-60-torrenieri-pellegrinaio-del-poggio/
San Quirico D’Orcia; Via Delle Carbonaie 18; Ostello Parrocchia Collegiata; 43.06045288546583, 11.60308653965561; +39 0577897236; ; https://www.viefrancigene.org/en/resource/accomodation/vf34-90-san-quirico-dorcia-collegiata/
San Quirico D’Orcia; Via Dante Alighieri 33; Il Palazzo Del Pellegrino; 43.06017649033563, 11.603854750485157; +39 0577899728, +39 3791294369; ; https://www.viefrancigene.org/en/resource/accomodation/vf34-90-san-quirico-dorcia-foresteria-del-comune/
San Quirico D’Orcia; Via delle Carbonaie 18; Ostello parrocchiale; 43.060575715793895, 11.603408966964304; +39 3477748732, +39 3480838684; ; https://www.viefrancigene.org/en/resource/accomodation/vf34-20-san-quirico-/
Gallina; Via Cassia 43/45; Ostello La Vecchia Posta; 42.99970306319812, 11.68441437105667; +39 3319972594, +39 339 1050576; dec to feb only for reservation of groups min. 3p, price: 16; https://www.viefrancigene.org/en/resource/accomodation/vf36-50-castiglione-dorcia-loc-gallina-la-vecchia/
Gallina; Via Cassia 69; Il Pollaio; 42.998318376518114, 11.684129459164184; +39 3517299644; open feb 1 - dec 20, price: 20; https://www.viefrancigene.org/en/resource/accomodation/vf36-50-castiglione-dorcia-loc-gallina-il-pollaio/
Abbadia S. Salvatore; Via Del Monastero 50; Abbazia Del S.S.Mo Salvatore; 42.882441121181756, 11.67610466493081; +39 0577777352; ;
Abbadia S. Salvatore; Via Mentana 31; Parrocchia Di S. Croce; 42.88026365899586, 11.676668370048183; +39 0577778225, +39 3291352014, +39 0577 778310; ; https://www.viefrancigene.org/en/resource/accomodation/vf-36-50-variante-abbadia-san-salvatore-parrocchia/
Contignano; Via Ettore Flori Snc; Ostello San Rocco; 42.97626922798844, 11.740455730858711; +39 3386584525; open mar to oct, price: 18; https://www.viefrancigene.org/en/resource/accomodation/vf36-65-contignano-ostello-san-rocco/
Radicofani; Piazza Anita Garibaldi 2; Ostello Rifugio Gestri; 42.89602721337096, 11.77064461279139; +39 3534047717, +39 057855684; ; https://www.viefrancigene.org/en/resource/accomodation/vf36-90-radicofani-rifugio-alceo-gestri/
Radicofani; Via Dello Spedale 2; Ospitale Santi Pietro E Giacomo; 42.896618737663914, 11.76842378653483; +39 3387982255, +39 3389205540; ; https://www.viefrancigene.org/en/resource/accomodation/vf36-10-radicofani-casa-daccoglienza-san-jacopo-di/
Ponte A Rigo; Ponte A Rigo; La Casa Del Pellegrino Accoglienza Santa Elisabetta; 42.82571044020134, 11.778508067500624; +39 057850004, +39 3343546142; price: donation; https://www.viefrancigene.org/en/resource/accomodation/vf37-60-ponte-a-rigo-la-casa-del-pellegrino-santa-elisabetta/
Proceno; Piazza Della Libertà 23; Casa Del Pellegrino; 42.757254045943036, 11.83082116581722; +39 3392586470, +39 3482640781; ; https://www.viefrancigene.org/en/resource/accomodation/vf36-80-proceno-casa-del-pellegrino/
Proceno; Via Cappuccini 23; Associazione Casa Di Lazzaro; [Coordinates]; +39 0763730177, +39 3394327383; ;
Acquapendente; Via Roma 51; La Casa Del Pellegrino; 42.74298305579259, 11.86733775805731; +39 3471662919; ;
Acquapendente; Via S. Allende 7; La Casa Di Teo; 42.73139459234281, 11.8614985397635; +39 3279281046; ;
Acquapendente; Via Santa Maria Maddalena 19; Aquesia House; 42.74514452205576, 11.866963108390458; +39 3458519718; ; https://www.viefrancigene.org/en/resource/accomodation/vf37-90-acquapendente-aquesia-house/
Acquapendente; Via Papiro 39; Il Papiro; 42.74290849399305, 11.863904657049783; +39 3393324227; ; https://www.google.com/maps/place/Alloggio+turistico+Il+Papiro/@42.742878,11.863892,19.93z/data=!4m12!1m5!3m4!2zNDLCsDQ0JzM0LjYiTiAxMcKwNTEnNTEuNyJF!8m2!3d42.7429392!4d11.8643505!3m5!1s0x13293b8e39b581dd:0x808b76abe43b6ae5!8m2!3d42.742892!4d11.8638999!16s%2Fg%2F11vf389myw!5m1!1e2?entry=ttu
Acquapendente; Vicolo Morelli 5; Piccola Perla; 42.74479361791435, 11.86603275572217; +39 3398105959; ; https://www.viefrancigene.org/en/resource/accomodation/vf37-90-acquapendente-piccola-perla/
Acquapendente; Predio S. Anna 151; Agriturismo Murera; 42.76875076344578, 11.874573613449247; +39 3336144823, +39 329741836; price: 15-20; https://www.viefrancigene.org/en/resource/accomodation/vf37-90-acquapendente-agriturismo-murera/
Bolsena; Piazza Santa Cristina 14; Suore Del Ss Sacramento; 42.64374227524821, 11.98896300899089; +39 0761586210; type: convents and parishes; https://www.viefrancigene.org/en/resource/accomodation/vf37-10-bolsena-istituto-suore-ss-sacramento/
Bolsena; Via Madonna Del Giglio 49; Foresteria Santa Maria Del Giglio; 42.64650934402865, 11.993627487741895; +39 0761799066; ; https://www.viefrancigene.org/en/resource/accomodation/vf37-90-bolsena-foresteria-santa-maria-del-giglio/
Bolsena; Corso Cavour 70; Casa Di Preghiera Santa Cristina; 42.64542829635086, 11.986453895905584; +39 3466044158; ; https://www.viefrancigene.org/en/resource/accomodation/vf37-90-bolsena-casa-di-preghiera-santa-cristina/
Montefiascone; Via San Francesco 3; Convento Cappuccini Raggio Di Sole; 42.52998637617224, 12.023869300854306; +39 3475900953; open all year, price: 12; https://www.viefrancigene.org/en/resource/accomodation/vf38-40-montefiascone-convento-raggio-di-sole/
Montefiascone; Via Garibaldi 31; Monastero San Pietro; 42.5386786372744, 12.03356276701042; +39 0761826066; type: convents and parishes; https://www.viefrancigene.org/en/resource/accomodation/vf38-20-montefiascone-monastero-spietro-monache-be/
Montefiascone; Via Paoletti 3; Pop Domus Peregrini; 42.51603314513629, 12.043807517737747; +39 3381838216, +39 3207772586; ; https://www.viefrancigene.org/en/resource/accomodation/vf38-80-montefiascone-domus-peregrini/
Montefiascone; Via Cannelle 80; Camere San Flaviano; 42.542188313818144, 12.036832750338851; +39 3282818278, +39 3381267398; open all year, price: 20; https://www.viefrancigene.org/en/resource/accomodation/vf39-90-montefiascone-camere-san-flaviano/
Montefiascone; Via Giglio Vecchio 66; I Tulipani Olandesi; 42.524035360614654, 12.055292598728968; +39 3332930791; open apr to oct, price: 19; https://www.viefrancigene.org/en/resource/accomodation/vf39-90-montefiascone-i-tulipani-olandesi/
Montefiascone; Corso Cavour 22; Host 24; 42.5396903520583, 12.033522505476343; +39 3282818278; open all year; https://www.viefrancigene.org/en/resource/accomodation/vf39-90-montefiascone-host-24/
Montefiascone; Via Verentana 73/B; Locanda Maddalena; 42.53359267185915, 12.025954266177191; +39 3394549097, +39 3356152138; open mar to sep, price: 20; https://www.viefrancigene.org/en/resource/accomodation/vf39-90-montefiascone-locanda-maddalena/
Montefiascone; Via 24 Maggio 22; La Rocca Alloggio Turistico; 42.53609488690291, 12.028362845096039; +39 3471173700; open all year, price: 20; https://www.viefrancigene.org/en/resource/accomodation/vf39-90-montefiascone-la-rocca-alloggio-turistico/
Viterbo; Via San Crispino 6; Convento Cappuccini; 42.41941223595643, 12.116584559142442; +39 3332314418, +39 0761321945; type: religious; https://www.viefrancigene.org/en/resource/accomodation/vf39-70-viterbo-convento-cappuccini/
? Viterbo; Via Di Pianoscarano 34; Al Ponte Levatoio; 42.41247972283942, 12.103503182289058; +39 07611571222, +39 3483707720; ;
? Viterbo; Strada Gesù Nazzareno 1/F; BnB Natura Viva; 42.39704641903865, 12.077844055644722; +39 07611571222, +39 3483707720; ;
Viterbo; Via San Pellegrino 49; Ospitale Del Pellegrino; 42.41375227850571, 12.106043491425705; +39 3346960175; open mar to sep, price: donation, breakfast incl., only wax stamp in italy; https://www.viefrancigene.org/en/resource/accomodation/vf40-90-viterbo-ospitale-del-pellegrino/
Viterbo; Via Monte Cervino 13; BnB Casa Di Ale; 42.44595976015242, 12.101316800599365; +39 3200112384; open all year, price incl. breakfast: 25; https://www.viefrancigene.org/en/resource/accomodation/vf40-90-viterbo-bb-casa-di-ale/
Viterbo; Piazza Della Morte 5; Monastero Clarisse “S. Bernardino Da Siena”; 42.41448263833069, 12.103618499054026; +39 3393202393, +39 3347405413; open all year, price: 20, breakfast: 8; https://www.viefrancigene.org/en/resource/accomodation/vf40-90-viterbo-monastero-clarisse-s-bernardo-da-siena/
Viterbo; Via Bussi 14; Travel House; 42.41920707104201, 12.108096503903111; +39 3278348135; open all year, price: 20; https://www.viefrancigene.org/en/resource/accomodation/vf40-90-viterbo-travel-house/
Viterbo; Via G. Merlini 45; Ist. Giovanni Merlini; 42.42339101884668, 12.110416701064503; +39 0761304658, +39 3894994183; open jul 1 - sep 10, sleeping bag incl. breakfast: 16; https://www.viefrancigene.org/en/resource/accomodation/vf40-90-viterbo-ist-giovanni-merlni/
Viterbo; Via della Rimessa, 13; L'Archetto; 42.41836011197952, 12.10515502745725; +39 3278348135; open all year, price: 20; https://www.viefrancigene.org/en/resource/accomodation/vf40-90-viterbo-larchetto/
Viterbo; Via di Pianoscarano, 34; Antica Dogana; 42.41248413965052, 12.103363031967204; +39 348 3707720; ; https://www.viefrancigene.org/en/resource/accomodation/vf39-90-viterbo-antica-dogana/
Vetralla; Via Cassia Botte 89; Familarca; 42.301023563343755, 12.093450837269215; +39 3393520365; ; https://www.viefrancigene.org/en/resource/accomodation/vf40-40-vetralla-associazione-familarca/
Vetralla; Via Del Giardino 4; Monastero Regina Pacis; 42.313496000736656, 12.075612377862504; +39 0761481519; ; https://www.viefrancigene.org/en/resource/accomodation/vf40-90-vetralla-monastero-regina-pacis/
Vetralla; Piazza Vittorio Emanuele; Ostello/Parrocchia San Francesco; 42.32284296579491, 12.050603853956327; +39 0761477144, +39 3476598224, +39 0761477105; ; https://www.viefrancigene.org/en/resource/accomodation/vf40-90-vetralla-parrocchia-san-francesco/
Vetralla; Località Pontarello, 54; Agricasale "Oasi del Viandante"; 42.339434987472465, 12.06824054247142; +39 3758088224; open 15.3.25 - 31.12., price: 19 + breakfast 6 + dinner 10; https://www.viefrancigene.org/en/resource/accomodation/vf41-90-vetralla-agricasale-oasi-del-viandante/
? Ronciglione; Viale Garibaldi 54; Casa Del Viandante “La Pace”; 42.28743697579429, 12.218786400255626; +39 3804339644, +39 3473592061; ;
Ronciglione; Via Xxiv Maggio 2; Casa Del Pellegrino Della Via Francigena; 42.28574371013612, 12.21926690871912; +39 3791004527, +39 3388196974; ;
Capranica; Vicolo Del Garofano 2; Casa Vacanze Castrovecchio; 42.25585299630515, 12.181694292722606; +39 3397578403, +39 3281911363; ; https://www.viefrancigene.org/en/resource/accomodation/vf42-70-capranica-casa-vacanze-castrovecchio/
Capranica; Vicolo Del Ponticello 39; Pop Road To Rome; 42.25593611932268, 12.183315899234294; +39 3483595971, +49 15258918235; open all year, price: donation; https://www.viefrancigene.org/en/resource/accomodation/vf42-70-capranica-road-to-rome/
Capranica; Strada Caporipa 13; Welcome At Home; [Coordinates]; +39 3497224870; ;
Capranica; Via Romana 62; La Stanza Del Petrarca; 42.25637416913798, 12.179238617444579; +39 3391593598; price: free incl. breakfast; https://www.viefrancigene.org/en/resource/accomodation/vf42-70-capranica-la-stanza-del-petrarca/
Sutri; Via Furio Camillo 87; Casa Vacanze Barbera; 42.240983566524804, 12.225834951376976; +39 3200327711; open all year, price: 20; https://www.viefrancigene.org/en/resource/accomodation/vf42-90-sutri-casa-vacanze-barbera/
Sutri; Via Dei Saturnali 10; Casa Del Pellegrino; 42.26194768339994, 12.209864447365197; +39 3384181886, +39 3333447870; ; https://www.viefrancigene.org/en/resource/accomodation/vf42-15-sutri-casa-del-pellegrino/
Sutri; Piazza Dell’Oca 8; Casavacanze Platea Oche; 42.2415188573132, 12.224251209519252; +39 3755924998; ; https://www.viefrancigene.org/en/resource/accomodation/vf42-90-sutri-platea-oche/
? Sutri; Via Garibaldi 1; Monastero Carmelitane; 42.243253921007074, 12.221348632475255; +39 0761609082; ;
Sutri; Piazza Cavour 12; Platea Cavour; 42.24235573379914, 12.22335552957131; +39 3292136615; open all year, price: 25; https://www.viefrancigene.org/en/resource/accomodation/vf42-90-sutri-platea-cavour/
Sutri; Via Furio Camillo 77; La Casa Dei Libri; 42.24102278464823, 12.226790174126084; +39 3494559282, +39 3490534428; price: 20 incl. breakfast; https://www.viefrancigene.org/en/resource/accomodation/vf42-90-sutri-la-casa-dei-libri/
Sutri; Via Garibaldi 47; L’Accoglienza Di Casa Vacanze Salza Nel Borgo; 42.24268633545952, 12.223246801224168; +39 3388601088; open all year, price: 20 incl. breakfast; https://www.viefrancigene.org/en/resource/accomodation/vf42-90-sutri-l-accoglienza-di-casa-vacanze-salza-nel-borgo/
Sutri; Via Dei Creti, Località Contea Flacchi; La Sughera; 42.236651, 12.267812; +39 3276780522; open apr to oct, price: 20; https://www.viefrancigene.org/en/resource/accomodation/vf42-90-sutri-la-sughera/
Campagnano Di Roma; Via Dante Alighieri 7; Parrocchia S. Giovanni Battista; 42.14252512749244, 12.37950305858158; +39 069041094, +39 3339381576; ; https://www.viefrancigene.org/en/resource/accomodation/vf42-90-campagnano-di-roma-parrocchia-sgiovanni-ba/
Campagnano Di Roma; Via Di Sant’Andrea; Ostello Per Pellegrini; 42.1431946430366, 12.38458049939511; +39 3316004982; open all year, price: 25 (maybe incl. breakfast); https://www.ostellocampagnano.eu/ostello-sant-andrea/, https://www.viefrancigene.org/en/resource/accomodation/vf42-90-campagnano-ostello-pellegrini/
? Isola Farnese; P.Za Della Colonnetta 8; Ostello Di Apollo; 42.01914115534614, 12.393554864798206; +39 0630890595; ;
Isola Farnese; Via Dell’Isola Farnese 175; Sotto Al Castello; 42.01955176822769, 12.392223597875262; +39 3336727228; ; https://www.viefrancigene.org/en/resource/accomodation/vf44-80-isola-farnese-sotto-al-castello/
Roma – La Storta; Via Della Storta 783; Base Scout La Valletta; 41.99362543893982, 12.373625233699958; ; ; https://www.viefrancigene.org/en/resource/accomodation/vf45-90roma-base-scout-la-valletta/
Roma; Via Dei Genovesi 11b; Spedale della Provvidenza; 41.88794496685237, 12.476790443169106; +39 3272319312, +39 3534286139; type: convents and parishes; https://www.viefrancigene.org/en/resource/accomodation/vf45-50-roma-spedale-della-provvidenza/
Roma; Via Urbana 50; Ostello Marello; 41.89590318231937, 12.494169390309445; +39 064882120, +39 064825361; ; https://www.viefrancigene.org/en/resource/accomodation/vf45-90-roma-ostello-marello/
Roma; Via Ambrosio 9/11; Casa Per Ferie Centro Pellegrini S. Teresa Courdec; 41.92495624333686, 12.44136022796175; +39 0635401142; big center, unclear if they have stamp; https://www.centropellegrini.it/prenotazioni
Roma; Via Giuseppe Barellai 60; Cobragor; 41.94723964366046, 12.41049788089468; +39 063386271; ; https://www.viefrancigene.org/en/resource/accomodation/vf45-90-roma-cobragor/
Velletri; Via Paolina 150; A Casa di Ciccio; 41.68820051817765, 12.775991311103697; +39 3338159466, +39 3478123667; ; https://www.viefrancigene.org/en/resource/accomodation/vfs02-90-velletri-a-casa-di-ciccio/
Cori; Via Cavour 54; Minerva Domus BnB; 41.64304500743431, 12.915445712281413; +39 3371047141, +39 3357413243; ; https://www.viefrancigene.org/en/resource/accomodation/vfs03-90-cori-minerva-domus-bb/
Cori; Piazza San Francesco D’Assisi; Il Circo Della Farfalla; 41.64444854146077, 12.90858169944526; +39 3886223905, +39 3290917657; open all year, price: donation; https://www.viefrancigene.org/en/resource/accomodation/vfs03-90-cori-il-circo-della-farfalla-convento-san/
Sermoneta; Via San Francesco 3; La Tana Del Coniglio Area Picnic; 41.545127098221954, 12.995344118072781; +39 3392769739, +39 3285469407; open spring-autumn, only camping, price: 20; https://www.viefrancigene.org/en/resource/accomodation/vfs06-90-sermoneta-la-tana-del-coniglio-area-picnic/
Trani; Via Giovanni Beltrani 27; Hostel Beltrani; 41.2810281968896, 16.417048918815286; +39 0883898421; ; https://www.viefrancigene.org/en/resource/accomodation/vfs03-90-trani-hostel-beltrani/
Trani; Via Pedaggio S. Chiara, 73; Parrocchia San Chiara; 41.27835617520114, 16.41619291722812; +39 3275740039; ; https://www.viefrancigene.org/en/resource/accomodation/vfsv03-90-trani-parrocchia-schiara/
Priverno; Via Colle Pietroso 4, Località Boschetto; BnB Domus Victoria; 41.461217974410836, 13.167341562953295; +39 3332046066, +39 0773911245; ;
Priverno; Via Colle Pietroso 4, Località Boschetto; BnB Iafrate Daniele; 41.461217974410836, 13.167341562953295; +39 3332046066, +39 0773911245; ;
Terracina; Via Anxur 124; Casa Anxur; 41.291823702729936, 13.25095342543929; +39 3475253941; ; https://www.viefrancigene.org/en/resource/accomodation/vfs06-90-terracina-casa-anxur/
Fondi; Via Valle Vigna; Monastero San Magno; 41.37756028788329, 13.385886836006302; +39 3791552095, +39 3792122700; ; https://www.viefrancigene.org/en/resource/accomodation/vfs07-10-fondi-monastero-san-magno/
Fondi; Contrada Sant’Onofrio, 1; Casa in centro; 41.4148635750519, 13.530643781472348; +39 329 2564454; price: 20; https://www.viefrancigene.org/en/resource/accomodation/vfs07-90-fondi-casa-in-centro/
Formia; Via Appia Lato Napoli 66; Suore Salesiane; 41.26183585335561, 13.634940111475244; +39 0771771117; ; https://www.viefrancigene.org/en/resource/accomodation/vfs08-10-formia-suore-salesiane/
Formia; Via Vindicio 49; Circolo Maremoto; 41.24635187770817, 13.582414800361308; +39 3396687913; bar open from easter to oct, open all year for tents, price: donation; https://www.viefrancigene.org/en/resource/accomodation/vfs08-90-formia-circolo-maremoto/
Minturno; Via Enrico Berlinguer; RoomnRelax; 41.241446991358764, 13.735886568212669; +39 3921248968; open oct to apr, price: 20; https://www.viefrancigene.org/en/resource/accomodation/vfs09-40-minturno-room-and-relax/
Minturno; Via Simonelli 9; Parrocchia San Biagio; 41.24945408859345, 13.741122177457783; +39 0771680137; ; https://www.viefrancigene.org/en/resource/accomodation/vfs09-40-minturno-parrocchia-di-san-biagio/
Castelforte; Via Alcide De Gasperi 16; Elements Hostel; 41.29860850879971, 13.826348897759743; +39 3801378004; open all year, price: 20, no breakfast; https://www.viefrancigene.org/en/resource/accomodation/vfs09-50-castelforte-elements-hostel/
Roccaromana; Via Peluso 3; Il Giardino Segreto Di Roccaromana; 41.273247099105305, 14.223417837944124; +39 3475234383; open on request, price: 15, suggested donation for breakfast: 3; https://www.viefrancigene.org/en/resource/accomodation/vfs15-50-roccaromana/
? Sessa Aurunca; Via Monte Ofelio 2; BnB Monte Ofelio; 41.243892701180236, 13.922712806214399; +39 3278256270; ;
? Sessa Aurunca; Via Magnoli 2, San Castrese; Azienda Agricola Vivincampagna_bio; [Coordinates]; +39 3495457563; ;
Sessa Aurunca; Via Taddeo De Matricio 55; Circolo Legambiente Alfredo Petteruti Aps; 41.240068250355094, 13.934413955587951; +39 3884216292; open all year; https://www.viefrancigene.org/en/resource/accomodation/vfs09-90-sessa-aurunca-circolo-legambiente-alfredo-petteruti-aps/
Teano; Largo Giardino 1; Monastero Santa Caterina; 41.25171668215281, 14.068747024225512; +39 0823875082; ;
Teano; Via Anfiteatro; Casa Di Rosa; 41.24679824258933, 14.074404405304628; +39 3496543368; open all year, price: 20; https://www.viefrancigene.org/en/resource/accomodation/vfs13-90-teano-casa-di-rosa/
Dragoni; Via Case Sparse 1; Don Ciccio Rest n Ride; 41.26991242274082, 14.314946732539319; +39 3425285078; price: 7, cold showers; https://www.viefrancigene.org/en/resource/accomodation/vfs15-40-paduli-don-ciccio-rest-and-ride/

